Player,Team1,Pos,Salary,Age,G,AB,R,H,2B,3B,HR,RBI,SB,CS,BB,SO,SH,SF,HBP,AVG,OBP,SLG,OPS,Arbitration Eligible
Aaron Judge,NYY,OF,40000000.00,31,106,367,79,98,16,0,37,75,3,1,88,130,0,3,0,0.267,0.406,0.613,1.019,0
Anthony Rendon,LAA,3B,38571428.00,33,43,148,23,35,6,0,2,22,2,0,25,27,0,4,6,0.236,0.361,0.318,0.679,0
Mike Trout,LAA,OF,37116666.00,32,82,308,54,81,14,1,18,44,2,0,45,104,0,2,7,0.263,0.367,0.49,0.857,0
Corey Seager,TEX,SS,35500000.00,29,119,477,88,156,42,0,33,96,2,1,49,88,0,6,4,0.327,0.39,0.623,1.013,0
Nolan Arenado,STL,3B,35025000.00,32,144,560,71,149,26,2,26,93,3,3,41,101,0,8,3,0.266,0.315,0.459,0.774,0
Francisco Lindor,NYM,SS,34100000.00,30,160,602,108,153,33,2,31,98,31,4,66,137,0,7,12,0.254,0.336,0.47,0.806,0
Carlos Correa,MIN,SS,33333333.00,29,135,514,60,118,29,2,18,65,0,0,59,131,0,3,4,0.23,0.312,0.399,0.711,0
Giancarlo Stanton,NYY,OF,32000000.00,34,101,371,43,71,13,0,24,60,0,0,41,124,0,1,2,0.191,0.275,0.42,0.695,0
Miguel Cabrera,DET,DH,32000000.00,40,98,334,21,86,20,0,4,34,0,0,31,74,0,3,2,0.257,0.322,0.353,0.675,0
Alex Bregman,HOU,3B,30500000.00,29,161,622,103,163,28,4,25,98,3,1,92,87,0,2,8,0.262,0.363,0.441,0.804,0
Shohei Ohtani,LAA,DH,30000000.00,29,135,497,102,151,26,8,44,95,20,6,91,143,0,3,3,0.304,0.412,0.654,1.066,0
Jose Altuve,HOU,2B,29000000.00,33,90,360,76,112,21,2,17,51,14,2,44,71,0,1,5,0.311,0.393,0.522,0.915,0
Kris Bryant,COL,OF,28000000.00,32,80,300,36,70,10,0,10,31,0,0,29,68,0,0,6,0.233,0.313,0.367,0.68,0
Bryce Harper,PHI,1B,27538462.00,31,126,457,84,134,29,1,21,72,11,3,80,119,0,4,5,0.293,0.401,0.499,0.9,0
Trea Turner,PHI,SS,27272727.00,30,155,639,102,170,35,5,26,76,30,0,45,150,0,1,6,0.266,0.32,0.459,0.779,0
Freddie Freeman,LAD,1B,27000000.00,34,161,637,131,211,59,2,29,102,23,1,72,121,0,5,16,0.331,0.41,0.567,0.977,0
Bobby Witt Jr.,KC,SS,26180000.00,23,158,641,97,177,28,11,30,96,49,15,40,121,1,8,4,0.276,0.319,0.495,0.814,0
Christian Yelich,MIL,OF,26000000.00,32,144,550,106,153,34,1,19,76,28,3,78,140,0,1,3,0.278,0.37,0.447,0.817,0
Marcus Semien,TEX,2B,26000000.00,33,162,670,122,185,40,4,29,100,14,3,72,110,0,5,5,0.276,0.348,0.478,0.826,0
Paul Goldschmidt,STL,1B,26000000.00,36,154,593,89,159,31,0,25,80,11,2,87,161,0,3,3,0.268,0.363,0.447,0.81,0
Joey Votto,CIN,1B,25000000.00,40,65,208,26,42,6,0,14,38,0,0,27,62,0,0,7,0.202,0.314,0.433,0.747,0
Mookie Betts,LAD,OF,25000000.00,31,152,584,126,179,40,1,39,107,14,3,96,107,0,5,8,0.307,0.408,0.579,0.987,0
George Springer,TOR,OF,24166666.00,34,154,613,87,158,25,1,21,72,20,5,60,125,0,3,5,0.258,0.327,0.405,0.732,0
J.T. Realmuto,PHI,C,23875000.00,33,135,489,70,123,28,5,20,63,16,5,35,138,0,5,9,0.252,0.31,0.452,0.762,0
Juan Soto,SD,OF,23000000.00,25,162,568,97,156,32,1,35,109,12,5,132,129,1,5,2,0.275,0.41,0.519,0.929,1
Javier Baez,DET,SS,22000000.00,31,136,510,58,113,18,4,9,59,12,0,24,125,0,3,9,0.222,0.267,0.325,0.592,0
Matt Olson,ATL,1B,21000000.00,29,162,608,127,172,27,3,54,139,1,0,104,167,0,4,4,0.283,0.389,0.604,0.993,0
Starling Marte,NYM,OF,20750000.00,35,86,315,38,78,7,1,5,28,24,4,16,69,2,0,8,0.248,0.301,0.324,0.625,0
Kyle Schwarber,PHI,OF,20000000.00,31,160,585,108,115,19,1,47,104,0,2,126,215,0,3,6,0.197,0.343,0.474,0.817,0
Nick Castellanos,PHI,OF,20000000.00,32,157,626,79,170,37,2,29,106,11,2,36,185,0,6,3,0.272,0.311,0.476,0.787,0
Salvador Perez,KC,C,20000000.00,33,140,538,59,137,21,0,23,80,0,0,19,135,0,8,13,0.255,0.292,0.422,0.714,0
Trevor Story,BOS,SS,20000000.00,31,43,158,12,32,9,0,3,14,10,3,9,55,0,0,1,0.203,0.25,0.316,0.566,0
Joc Pederson,SF,OF,19650000.00,31,121,358,59,84,14,3,15,51,0,0,57,89,0,3,7,0.235,0.348,0.416,0.764,0
Jose Abreu,HOU,1B,19500000.00,37,141,540,62,128,23,1,18,90,0,1,42,130,0,6,6,0.237,0.296,0.383,0.679,0
Rafael Devers,BOS,3B,19318182.00,27,153,580,90,157,34,0,33,100,5,1,62,126,0,3,11,0.271,0.351,0.5,0.851,0
Jorge Soler,MIA,OF,19000000.00,32,137,504,77,126,24,0,36,75,1,0,66,141,0,4,6,0.25,0.341,0.512,0.853,0
Brandon Nimmo,NYM,OF,18500000.00,30,152,592,89,162,30,6,24,68,3,3,74,146,1,4,11,0.274,0.363,0.466,0.829,0
Michael Conforto,SF,OF,18000000.00,31,125,406,58,97,14,0,15,58,4,0,53,106,0,4,7,0.239,0.334,0.384,0.718,0
Seiya Suzuki,CHC,OF,18000000.00,29,138,515,75,147,31,6,20,74,6,7,59,130,0,7,2,0.285,0.357,0.485,0.842,0
Manny Machado,SD,3B,17090909.00,31,138,543,75,140,21,0,30,91,3,2,50,109,0,6,2,0.258,0.319,0.462,0.781,0
Anthony Rizzo,NYY,1B,17000000.00,34,99,373,45,91,14,0,12,41,0,3,35,97,0,1,12,0.244,0.328,0.378,0.706,0
Josh Bell,MIA,1B,16500000.00,31,150,547,52,135,28,0,22,74,0,1,63,134,0,3,2,0.247,0.325,0.419,0.744,0
Brandon Crawford,SF,SS,16000000.00,37,94,283,31,55,11,1,7,38,3,0,28,81,1,4,4,0.194,0.273,0.314,0.587,0
Marcell Ozuna,ATL,DH,16000000.00,33,144,530,84,145,29,1,40,100,0,0,57,134,0,2,3,0.274,0.346,0.558,0.904,0
Masataka Yoshida,BOS,OF,15600000.00,30,140,537,71,155,33,3,15,72,8,0,34,81,0,2,7,0.289,0.338,0.445,0.783,0
Charlie Blackmon,COL,OF,15333334.00,37,96,359,57,100,24,5,8,40,4,1,39,55,0,4,11,0.279,0.363,0.44,0.803,0
Byron Buxton,MIN,DH,15142857.00,30,85,304,49,63,17,1,17,42,9,0,35,109,0,4,4,0.207,0.294,0.438,0.732,0
Austin Riley,ATL,3B,15000000.00,26,159,636,117,179,32,3,37,97,3,1,59,172,0,11,9,0.281,0.345,0.516,0.861,0
Chris Taylor,LAD,OF,15000000.00,33,117,338,51,80,15,1,15,56,16,3,41,125,0,1,4,0.237,0.326,0.42,0.746,0
Pete Alonso,NYM,1B,14500000.00,29,154,568,92,123,21,2,46,118,4,1,65,151,0,4,21,0.217,0.318,0.504,0.822,1
Dansby Swanson,CHC,SS,14000000.00,30,147,565,81,138,25,3,22,80,9,1,66,154,0,2,5,0.244,0.328,0.416,0.744,0
Teoscar Hernandez,SEA,OF,14000000.00,31,160,625,70,161,29,2,26,93,7,2,38,211,0,7,8,0.258,0.305,0.435,0.74,0
Max Muncy,LAD,3B,13500000.00,33,135,482,95,102,17,1,36,105,1,2,85,153,0,6,6,0.212,0.333,0.475,0.808,0
Matt Chapman,TOR,3B,12500000.00,30,140,509,66,122,39,2,17,54,4,2,62,165,0,2,8,0.24,0.33,0.424,0.754,0
Tim Anderson,CWS,SS,12500000.00,30,123,493,52,121,18,2,1,25,13,2,26,122,0,2,3,0.245,0.286,0.296,0.582,0
James McCann,BAL,C,12150000.00,33,70,207,25,46,14,0,6,26,3,1,9,57,3,2,5,0.222,0.269,0.377,0.646,0
Avisail Garcia,MIA,OF,12000000.00,32,37,108,8,20,3,1,3,12,2,0,6,39,0,0,2,0.185,0.241,0.315,0.556,0
Cody Bellinger,CHC,OF,12000000.00,28,130,499,95,153,29,1,26,97,20,6,40,87,0,12,5,0.307,0.356,0.525,0.881,0
Michael Brantley,HOU,OF,12000000.00,36,15,54,7,15,2,0,2,7,0,0,2,2,0,1,0,0.278,0.298,0.426,0.724,0
Ketel Marte,ARI,2B,11600000.00,30,150,569,94,157,26,9,25,82,8,2,71,109,0,5,5,0.276,0.358,0.485,0.843,0
Eugenio Suarez,SEA,3B,11285714.00,32,162,598,68,139,29,0,22,96,2,1,70,214,0,11,15,0.232,0.323,0.391,0.714,0
J.P. Crawford,SEA,SS,11000000.00,29,145,534,94,142,35,0,19,65,2,0,94,125,3,2,5,0.266,0.38,0.438,0.818,0
Joey Gallo,MIN,OF,11000000.00,30,111,282,39,50,9,1,21,40,1,1,48,142,0,0,2,0.177,0.301,0.44,0.741,0
Ian Happ,CHC,OF,10850000.00,29,158,580,86,144,35,4,21,84,14,3,99,153,0,6,6,0.248,0.36,0.431,0.791,0
Mark Canha,NYM,OF,10500000.00,35,139,435,51,114,25,1,11,62,11,1,49,79,0,6,17,0.262,0.355,0.4,0.755,0
Randal Grichuk,LAA,OF,10333334.00,32,119,434,65,116,31,2,16,44,2,2,29,96,0,2,6,0.267,0.321,0.459,0.779,0
Eloy Jimenez,CWS,DH,10333333.00,27,120,456,50,124,23,0,18,64,0,0,30,93,0,2,1,0.272,0.317,0.441,0.758,0
Aaron Hicks,BAL,OF,10240000.00,34,93,269,44,68,9,1,8,36,6,0,42,69,0,1,0,0.253,0.353,0.383,0.736,0
Christian Vazquez,MIN,C,10000000.00,33,102,327,34,73,13,0,6,32,1,0,25,82,1,1,1,0.223,0.28,0.318,0.598,0
Enrique Hernandez,LAD,SS,10000000.00,32,140,465,57,110,23,0,11,61,4,1,34,97,0,6,3,0.237,0.289,0.357,0.646,0
J.D. Martinez,LAD,DH,10000000.00,36,113,432,61,117,27,2,33,103,1,0,34,149,0,9,2,0.271,0.321,0.572,0.893,0
Ke'Bryan Hayes,PIT,3B,10000000.00,27,124,494,65,134,31,7,15,61,10,6,28,104,0,3,0,0.271,0.309,0.453,0.762,0
Gleyber Torres,NYY,2B,9950000.00,27,158,596,90,163,28,2,25,68,13,6,67,98,0,6,3,0.273,0.347,0.453,0.8,1
Eduardo Escobar,LAA,3B,9500000.00,35,99,288,32,65,6,5,6,31,2,1,18,78,1,2,0,0.226,0.27,0.344,0.613,0
Brandon Belt,TOR,1B,9300000.00,35,103,339,53,86,23,0,19,43,0,0,61,141,0,2,2,0.254,0.369,0.49,0.859,0
Justin Turner,BOS,1B,9300000.00,39,146,558,86,154,31,0,23,96,4,1,51,110,0,6,11,0.276,0.345,0.455,0.8,0
Eddie Rosario,ATL,OF,9000000.00,32,142,478,64,122,24,3,21,74,3,4,34,122,1,2,1,0.255,0.305,0.45,0.755,0
Kevin Kiermaier,TOR,OF,9000000.00,33,129,370,58,98,21,6,8,36,14,1,29,86,1,4,4,0.265,0.322,0.419,0.741,0
Ryan McMahon,COL,3B,9000000.00,29,152,555,80,133,31,3,23,70,5,5,68,198,0,3,1,0.24,0.322,0.431,0.753,0
Andrew Benintendi,CWS,OF,8600000.00,29,151,562,72,147,34,2,5,45,13,2,52,89,1,3,3,0.262,0.326,0.356,0.682,0
Brandon Drury,LAA,2B,8500000.00,31,125,485,61,127,30,3,26,83,0,2,25,136,0,5,8,0.262,0.306,0.497,0.803,0
Max Kepler,MIN,OF,8500000.00,31,130,438,72,114,22,2,24,66,1,1,45,106,0,4,4,0.26,0.332,0.484,0.816,0
Jesse Winker,MIL,OF,8250000.00,30,61,166,16,33,5,0,1,23,0,0,26,51,0,1,4,0.199,0.32,0.247,0.567,0
Adam Frazier,BAL,2B,8000000.00,32,141,412,59,99,21,2,13,60,11,4,32,68,4,2,4,0.24,0.3,0.396,0.696,0
David Peralta,LAD,OF,8000000.00,36,133,394,47,102,25,1,7,55,4,1,20,72,0,6,2,0.259,0.294,0.381,0.675,0
Omar Narvaez,NYM,C,8000000.00,32,49,128,12,27,5,0,2,7,0,0,14,27,1,3,0,0.211,0.283,0.297,0.58,0
Tommy Pham,ARI,OF,8000000.00,36,129,426,55,109,27,3,16,68,22,3,47,106,0,6,2,0.256,0.329,0.446,0.775,0
Travis d'Arnaud,ATL,C,8000000.00,35,74,267,31,60,13,0,11,39,0,0,21,67,0,1,3,0.225,0.288,0.397,0.685,0
Amed Rosario,CLE,SS,7800000.00,28,142,510,70,134,25,8,6,58,15,2,29,99,0,3,3,0.263,0.305,0.378,0.683,0
Adam Duvall,BOS,OF,7500000.00,35,92,320,45,79,24,2,21,58,4,0,22,110,0,5,6,0.247,0.303,0.531,0.834,0
Jorge Polanco,MIN,2B,7500000.00,30,80,302,38,77,18,0,14,48,4,0,36,88,0,3,2,0.255,0.335,0.454,0.789,0
Anthony Santander,BAL,OF,7400000.00,29,153,591,81,152,41,1,28,95,5,1,55,152,0,4,6,0.257,0.325,0.472,0.797,1
C.J. Cron,COL,1B,7250000.00,34,71,258,38,64,12,0,12,37,0,0,17,65,0,2,1,0.248,0.295,0.434,0.729,0
Bryan Reynolds,PIT,OF,7000000.00,29,145,574,85,151,31,5,24,84,12,1,53,138,0,6,7,0.263,0.33,0.46,0.79,0
Ha-Seong Kim,SD,2B,7000000.00,28,152,538,84,140,23,0,17,60,38,9,75,124,5,5,3,0.26,0.351,0.398,0.749,0
Manuel Margot,TB,OF,7000000.00,29,99,311,39,82,21,1,4,38,9,3,18,55,0,3,4,0.264,0.31,0.376,0.686,0
Mitch Haniger,SF,OF,7000000.00,33,61,211,27,44,13,1,6,28,1,0,15,65,0,1,2,0.209,0.266,0.365,0.631,0
Ozzie Albies,ATL,2B,7000000.00,27,148,596,96,167,30,5,33,109,13,1,46,107,0,8,8,0.28,0.336,0.513,0.849,0
Aledmys Diaz,OAK,SS,6750000.00,33,109,315,25,72,20,1,4,24,1,0,17,66,1,4,7,0.229,0.28,0.337,0.617,0
Carlos Santana,PIT,1B,6725000.00,37,146,550,78,132,33,1,23,86,6,0,65,104,0,4,0,0.318,0.318,0.429,0.747,0
Christian Walker,ARI,1B,6500000.00,32,157,582,86,150,36,2,33,103,11,0,62,127,0,8,8,0.258,0.333,0.497,0.83,1
Matt Carpenter,SD,DH,6500000.00,38,76,188,18,33,12,0,5,31,1,0,41,67,0,5,2,0.176,0.322,0.319,0.641,0
Alex Verdugo,BOS,OF,6300000.00,27,142,546,81,144,37,5,13,54,5,3,45,93,0,5,6,0.264,0.324,0.421,0.745,1
Jeff McNeil,NYM,2B,6250000.00,31,156,585,75,158,25,4,10,55,10,0,39,65,3,3,18,0.27,0.333,0.378,0.711,0
Luis Arraez,MIA,2B,6100000.00,26,147,574,71,203,30,3,10,69,3,2,35,34,1,3,4,0.354,0.393,0.469,0.862,1
Mike Yastrzemski,SF,OF,6100000.00,33,106,330,54,77,23,1,15,43,2,2,45,99,2,1,3,0.233,0.33,0.445,0.775,1
David Fletcher,LAA,2B,6000000.00,29,33,89,7,22,1,0,2,12,0,0,7,9,1,0,0,0.247,0.302,0.326,0.628,0
Isiah Kiner-Falefa,NYY,OF,6000000.00,28,115,326,39,79,12,1,6,37,14,5,28,70,1,3,3,0.242,0.306,0.34,0.646,0
Joey Wendle,MIA,3B,6000000.00,33,112,297,33,63,16,3,2,20,7,1,13,67,3,3,2,0.212,0.248,0.306,0.554,0
Julio Rodriguez,SEA,OF,5937500.00,23,155,654,102,180,37,2,32,103,37,10,47,175,0,2,11,0.275,0.333,0.485,0.818,0
Jeimer Candelario,CHC,3B,5800000.00,30,140,505,77,127,39,3,22,70,8,1,53,127,0,4,13,0.252,0.336,0.471,0.807,0
Kyle Farmer,MIN,SS,5585000.00,33,120,336,49,86,14,2,11,46,2,4,23,86,0,2,8,0.256,0.317,0.408,0.725,1
Elias Diaz,COL,C,5500000.00,33,141,486,48,130,25,1,14,72,1,0,34,118,0,4,2,0.267,0.316,0.409,0.725,0
Harrison Bader,CIN,OF,5450000.00,29,98,319,44,74,12,2,7,40,20,3,17,59,1,4,3,0.232,0.274,0.348,0.622,0
Nolan Schanuel,LAA,1B,5253000.00,22,29,109,19,30,3,0,1,6,0,0,20,19,0,0,3,0.275,0.402,0.33,0.732,0
Brandon Lowe,TB,2B,5250000.00,29,109,377,58,87,15,1,21,68,7,0,50,119,0,3,6,0.231,0.328,0.443,0.771,0
Andrew McCutchen,PIT,DH,5000000.00,37,112,390,55,100,19,0,12,43,11,3,75,100,0,4,4,0.256,0.378,0.397,0.775,0
Austin Hedges,PIT,C,5000000.00,31,81,185,14,34,5,0,1,16,1,0,11,47,10,3,2,0.184,0.234,0.227,0.461,0
Evan Longoria,ARI,3B,5000000.00,38,74,211,25,47,9,0,11,28,0,0,23,73,0,3,0,0.223,0.295,0.422,0.717,0
Kyle Tucker,HOU,OF,5000000.00,27,157,574,97,163,37,5,29,112,30,5,80,92,0,10,3,0.284,0.369,0.517,0.886,1
Rowdy Tellez,MIL,1B,4950000.00,29,106,311,26,67,9,1,13,47,0,0,35,86,0,5,0,0.215,0.291,0.376,0.667,1
Adolis Garcia,TEX,OF,4750000.00,31,148,555,108,136,29,0,39,107,9,1,65,175,0,6,6,0.245,0.328,0.508,0.836,0
Luis Urias,MIL,2B,4700000.00,26,52,144,18,28,6,0,3,18,0,0,21,41,0,0,10,0.194,0.337,0.299,0.636,1
Jace Peterson,OAK,3B,4650000.00,33,133,374,35,79,10,4,6,37,15,2,47,101,2,3,4,0.211,0.304,0.308,0.611,0
Ji-Man Choi,SD,1B,4650000.00,32,39,104,12,17,5,0,6,13,0,0,10,35,0,2,1,0.164,0.239,0.385,0.624,0
Michael Taylor,MIN,OF,4600000.00,32,129,355,48,78,14,1,21,51,13,1,26,130,3,1,3,0.22,0.278,0.442,0.72,0
Austin Meadows,DET,OF,4300000.00,28,6,21,0,5,1,0,0,2,0,0,0,3,0,0,0,0.238,0.238,0.286,0.524,1
Billy Hamilton,CWS,OF,4250000.00,33,3,2,2,0,0,0,0,0,2,0,0,1,0,0,0,0,0,0,0,0
Miguel Rojas,LAD,SS,4250000.00,35,125,385,49,91,16,1,5,31,8,3,26,48,2,5,5,0.236,0.29,0.322,0.612,0
Jake Cronenworth,SD,2B,4225000.00,30,127,458,54,105,24,7,10,48,6,1,46,97,1,5,11,0.229,0.312,0.378,0.69,1
J.D. Davis,SF,3B,4210000.00,30,144,480,61,119,23,1,18,69,1,0,52,152,0,6,6,0.248,0.325,0.413,0.738,1
Garrett Cooper,SD,1B,4200000.00,33,123,422,42,106,18,1,17,61,0,0,31,132,0,2,2,0.251,0.304,0.419,0.724,0
Tommy Edman,STL,2B,4200000.00,28,137,479,69,119,25,4,13,47,27,4,35,84,3,4,7,0.248,0.307,0.399,0.706,1
Randy Arozarena,TB,OF,4150000.00,29,151,551,95,140,19,3,23,83,22,10,80,156,0,5,18,0.254,0.364,0.425,0.789,1
Cedric Mullins,BAL,OF,4100000.00,29,116,404,51,94,23,3,15,74,19,3,43,101,3,4,1,0.233,0.305,0.416,0.721,1
Ty France,SEA,1B,4100000.00,29,158,587,79,147,32,0,12,58,1,0,43,117,0,1,34,0.25,0.337,0.366,0.703,1
Brad Miller,TEX,OF,4000000.00,34,27,56,8,12,4,0,1,6,0,0,10,11,0,1,0,0.214,0.328,0.339,0.667,0
Martin Maldonado,HOU,C,4000000.00,37,117,362,33,69,12,0,15,36,0,0,30,139,12,0,3,0.191,0.258,0.348,0.606,0
Sean Murphy,ATL,C,4000000.00,29,108,370,65,93,21,0,21,68,0,0,49,98,0,1,18,0.251,0.365,0.478,0.843,0
Bo Bichette,TOR,SS,3933333.00,26,135,571,69,175,30,3,20,73,5,3,27,115,0,1,2,0.306,0.339,0.475,0.814,0
Mitch Garver,TEX,C,3900000.00,33,87,296,45,80,11,0,19,50,0,0,44,82,0,0,3,0.27,0.37,0.5,0.87,0
Brian Anderson,MIL,3B,3800000.00,30,96,318,38,72,12,3,9,40,1,3,36,108,0,3,4,0.226,0.31,0.368,0.678,0
Luis Garcia,WAS,2B,3750000.00,23,122,447,61,119,18,4,9,50,9,4,27,60,1,7,0,0.266,0.304,0.385,0.689,0
Tony Kemp,OAK,2B,3725000.00,32,124,359,42,75,13,3,5,27,15,4,44,40,7,3,6,0.209,0.303,0.304,0.607,0
Nicky Lopez,ATL,2B,3700000.00,29,93,225,32,52,8,3,1,25,6,2,26,40,4,1,6,0.231,0.326,0.307,0.632,1
Ramon Laureano,CLE,OF,3550000.00,29,105,361,46,81,18,4,9,35,12,1,33,114,0,1,9,0.224,0.305,0.371,0.676,1
Austin Barnes,LAD,C,3500000.00,34,59,178,15,32,5,0,2,11,2,1,17,43,1,2,2,0.18,0.256,0.242,0.498,0
Danny Jansen,TOR,C,3500000.00,28,86,268,38,61,15,0,17,53,0,0,23,62,0,0,10,0.228,0.312,0.474,0.786,1
Jacob Stallings,MIA,C,3350000.00,34,89,241,22,46,14,0,3,20,0,0,27,67,3,2,3,0.191,0.278,0.286,0.564,1
Josh Naylor,CLE,1B,3350000.00,26,121,452,52,139,31,0,17,97,10,3,33,68,0,7,3,0.308,0.354,0.489,0.843,1
Austin Hays,BAL,OF,3200000.00,28,144,520,76,143,36,2,16,67,5,1,38,141,0,5,3,0.275,0.325,0.444,0.769,1
Austin Slater,SF,OF,3200000.00,31,89,185,24,50,9,0,5,20,2,2,20,58,0,0,2,0.27,0.348,0.4,0.748,1
Trent Grisham,SD,OF,3175000.00,27,153,469,67,93,31,1,13,50,15,3,75,154,4,1,5,0.198,0.315,0.352,0.667,1
Daulton Varsho,TOR,OF,3050000.00,27,158,527,65,116,23,3,20,61,16,7,45,135,1,3,4,0.22,0.285,0.389,0.674,1
Elvis Andrus,CWS,SS,3000000.00,35,112,374,39,94,20,1,6,44,12,4,25,71,1,2,4,0.251,0.304,0.358,0.662,0
Kevin Pillar,ATL,OF,3000000.00,35,81,197,29,45,10,0,9,32,4,1,6,50,0,3,0,0.228,0.248,0.416,0.664,0
Myles Straw,CLE,OF,2900000.00,29,147,462,52,110,18,3,1,29,20,6,42,97,6,6,2,0.238,0.301,0.297,0.598,0
Cavan Biggio,TOR,2B,2800000.00,28,111,289,54,68,12,0,9,40,5,2,40,88,0,2,7,0.235,0.34,0.37,0.71,1
Taylor Ward,LAA,OF,2750000.00,30,97,356,60,90,18,0,14,47,4,2,39,80,0,6,8,0.253,0.335,0.421,0.756,1
Brendan Rodgers,COL,2B,2700000.00,27,46,178,21,46,9,1,4,20,0,0,11,41,0,0,3,0.258,0.313,0.388,0.701,1
Josh Rojas,SEA,2B,2575000.00,29,105,314,47,77,17,0,4,40,12,0,27,81,2,4,1,0.245,0.304,0.338,0.641,1
Nico Hoerner,CHC,SS,2525000.00,26,150,619,98,175,27,4,9,68,43,7,49,83,1,5,14,0.283,0.346,0.383,0.729,1
Curt Casali,CIN,C,2500000.00,35,40,80,8,14,2,0,0,6,0,0,11,23,3,0,2,0.175,0.29,0.2,0.49,0
Roberto Perez,SF,C,2500000.00,35,5,15,0,2,0,0,0,1,0,0,2,6,0,0,0,0.133,0.235,0.133,0.368,0
Jose Trevino,NYY,C,2360000.00,31,55,157,15,33,4,0,4,15,0,0,8,22,1,0,2,0.21,0.257,0.312,0.569,1
Luis Rengifo,LAA,2B,2300000.00,27,126,394,55,104,15,4,16,51,6,4,41,82,0,4,6,0.264,0.339,0.444,0.783,1
Orlando Arcia,ATL,SS,2300000.00,29,139,488,66,129,25,0,17,65,1,0,39,102,0,3,3,0.264,0.321,0.42,0.741,0
Thairo Estrada,SF,2B,2250000.00,28,120,495,63,134,26,2,14,49,23,7,22,120,0,2,11,0.271,0.315,0.416,0.731,1
Harold Ramirez,TB,DH,2200000.00,29,122,400,58,125,19,2,12,68,5,3,22,79,0,6,6,0.313,0.353,0.46,0.813,1
Lane Thomas,WAS,OF,2200000.00,28,157,628,101,168,36,3,28,86,20,5,36,176,0,7,11,0.268,0.315,0.468,0.783,1
Donovan Solano,MIN,2B,2100000.00,36,134,394,43,111,26,1,5,38,0,0,40,100,0,1,15,0.282,0.369,0.391,0.76,0
Jon Berti,MIA,SS,2100000.00,34,133,388,53,114,16,3,7,33,16,6,29,77,2,3,2,0.294,0.344,0.405,0.749,1
Santiago Espinal,TOR,2B,2100000.00,29,93,230,30,57,14,0,2,25,2,1,18,36,2,1,3,0.248,0.31,0.335,0.645,1
Dylan Moore,SEA,OF,2083333.00,31,67,145,18,30,9,1,7,19,7,3,16,56,0,0,4,0.207,0.303,0.428,0.731,0
Dominic Smith,WAS,1B,2000000.00,28,153,527,57,134,21,1,12,46,1,1,47,91,0,2,10,0.254,0.326,0.366,0.692,0
Jorge Mateo,BAL,SS,2000000.00,28,116,318,58,69,14,2,7,34,32,5,22,82,5,3,1,0.217,0.267,0.34,0.607,1
Robbie Grossman,TEX,OF,2000000.00,34,115,353,56,84,23,1,10,49,1,0,57,98,0,8,2,0.238,0.34,0.394,0.734,0
Nick Senzel,CIN,OF,1950000.00,28,104,301,49,71,10,0,13,42,6,2,26,74,0,2,1,0.236,0.297,0.399,0.696,1
Corbin Carroll,ARI,OF,1625000.00,23,155,565,116,161,30,10,25,76,54,5,57,125,6,4,13,0.285,0.362,0.506,0.868,0
Tom Murphy,SEA,C,1625000.00,32,47,145,19,42,12,0,8,17,0,0,10,44,0,2,1,0.29,0.335,0.538,0.873,0
Luis Guillorme,NYM,2B,1600000.00,29,54,107,12,24,6,1,1,9,0,0,10,28,2,1,0,0.224,0.288,0.327,0.615,1
Andres Gimenez,CLE,2B,1571429.00,25,153,557,76,140,27,5,15,62,30,6,32,112,4,3,20,0.251,0.314,0.399,0.713,0
Miguel Andujar,PIT,OF,1525000.00,29,30,84,9,21,7,0,4,18,2,0,6,13,0,0,0,0.25,0.3,0.476,0.776,1
Matt Duffy,KC,3B,1500000.00,33,79,191,17,48,8,0,2,16,1,0,12,39,0,2,4,0.251,0.306,0.325,0.631,0
Kyle Higashioka,NYY,C,1462500.00,33,92,242,24,57,13,0,10,34,0,0,14,74,1,3,0,0.236,0.274,0.413,0.687,1
Trayce Thompson,CWS,OF,1450000.00,33,72,153,17,25,2,0,6,17,2,0,24,77,0,0,2,0.163,0.285,0.294,0.579,1
Jordan Luplow,MIN,OF,1400000.00,30,39,77,11,16,3,0,2,5,2,0,12,27,0,0,1,0.208,0.322,0.325,0.647,0
Mauricio Dubon,HOU,OF,1400000.00,29,132,467,76,130,26,3,10,46,7,2,19,70,0,3,3,0.278,0.309,0.411,0.72,1
Ryan O'Hearn,BAL,1B,1400000.00,30,112,346,48,100,22,1,14,60,5,1,15,82,1,3,3,0.289,0.322,0.48,0.802,1
Tim Locastro,NYM,OF,1400000.00,31,43,56,13,13,3,0,2,3,6,0,3,22,2,0,6,0.232,0.338,0.393,0.731,0
Keibert Ruiz,WAS,C,1375000.00,25,136,523,55,136,24,0,18,67,1,1,31,58,0,2,6,0.26,0.308,0.409,0.717,0
Brett Wisely,SF,2B,1350000.00,24,51,120,10,21,5,0,2,8,2,1,9,40,1,1,0,0.175,0.231,0.267,0.498,0
Cal Mitchell,PIT,OF,1350000.00,25,2,4,0,0,0,0,0,0,0,0,1,1,0,0,0,0,0.2,0,0.2,0
Christian Bethancourt,TB,C,1350000.00,32,104,315,49,71,16,0,11,33,1,0,13,91,1,3,0,0.225,0.254,0.381,0.635,1
Harold Castro,COL,2B,1300000.00,30,99,258,24,65,13,0,1,31,1,0,9,66,1,2,0,0.252,0.275,0.314,0.589,0
Abraham Toro,MIL,3B,1275000.00,27,9,18,4,8,0,0,2,9,0,0,2,5,0,0,1,0.444,0.524,0.778,1.302,0
Cam Gallagher,CLE,C,1250000.00,31,56,143,6,18,6,0,0,7,0,0,4,46,0,1,1,0.126,0.154,0.168,0.322,0
Travis Jankowski,TEX,OF,1250000.00,32,107,247,34,65,12,1,1,30,19,1,35,42,1,2,2,0.263,0.357,0.332,0.689,0
Nick Madrigal,CHC,2B,1225000.00,27,92,270,34,71,16,1,2,28,10,2,10,24,5,0,9,0.263,0.311,0.352,0.663,1
Reese McGuire,BOS,C,1225000.00,29,72,187,15,50,12,1,1,16,2,1,11,53,2,1,1,0.267,0.31,0.358,0.668,1
Brett Phillips,LAA,OF,1200000.00,29,40,63,9,11,1,0,3,6,3,1,8,36,0,0,0,0.175,0.268,0.333,0.601,0
Rob Refsnyder,BOS,OF,1200000.00,32,89,202,31,50,9,1,1,28,7,2,33,47,1,1,5,0.248,0.365,0.317,0.682,1
Luke Maile,CIN,C,1175000.00,33,78,179,17,42,10,0,6,25,2,1,14,49,1,0,5,0.235,0.308,0.391,0.699,0
Andrew Knizner,STL,C,1100000.00,29,70,224,30,54,11,0,10,31,2,0,12,62,1,1,3,0.241,0.288,0.424,0.712,1
Danny Mendick,NYM,SS,1000000.00,30,35,65,4,12,3,0,1,4,1,0,4,15,0,0,0,0.185,0.232,0.277,0.509,0
Michael Chavis,WAS,2B,1000000.00,28,48,91,16,22,3,0,2,5,1,0,5,33,0,0,0,0.242,0.281,0.341,0.622,0
Austin Nola,SD,C,975000.00,34,52,130,9,19,3,0,1,8,0,0,18,31,4,0,2,0.146,0.26,0.192,0.452,0
Ildemaro Vargas,WAS,3B,975000.00,32,86,262,32,66,13,2,4,31,1,1,19,20,3,1,1,0.252,0.304,0.363,0.667,1
Edmundo Sosa,PHI,SS,950000.00,28,104,279,34,70,15,2,10,30,4,2,8,74,2,1,9,0.251,0.293,0.427,0.72,1
Jake Cave,PHI,OF,950000.00,31,65,184,18,39,8,1,5,21,3,0,15,55,1,2,1,0.212,0.272,0.348,0.62,1
Anthony Bemboom,BAL,C,900000.00,34,6,11,0,2,0,0,0,0,0,0,2,2,0,0,0,0.182,0.308,0.182,0.49,0
Alika Williams,PIT,SS,770000.00,25,46,101,7,20,5,0,0,6,0,0,9,35,1,0,1,0.198,0.27,0.248,0.518,0
Austin Wells,NYY,C,770000.00,24,19,70,8,16,6,0,4,13,0,0,3,14,0,1,0,0.229,0.257,0.486,0.743,0
Brayan Rocchio,CLE,SS,770000.00,23,23,81,9,20,6,0,0,8,0,0,4,27,0,1,0,0.247,0.279,0.321,0.6,0
Cade Marlowe,SEA,OF,770000.00,26,34,88,14,21,3,2,3,11,4,2,12,33,0,0,0,0.239,0.33,0.42,0.75,0
Ceddanne Rafaela,BOS,OF,770000.00,23,28,83,11,20,6,0,2,5,3,1,4,28,0,1,1,0.241,0.281,0.386,0.667,0
Alejandro Kirk,TOR,C,767300.00,25,123,372,34,93,16,0,8,43,0,0,42,45,0,2,6,0.25,0.334,0.358,0.692,0
Patrick Wisdom,CHC,3B,763000.00,32,97,268,43,55,8,1,23,46,4,2,30,111,1,1,2,0.205,0.289,0.5,0.789,0
Andrew Vaughn,CWS,1B,760000.00,25,152,566,67,146,30,2,21,80,0,0,36,129,0,2,11,0.258,0.314,0.429,0.743,0
Jonathan India,CIN,2B,760000.00,27,119,454,78,111,23,0,17,61,14,2,52,109,0,7,16,0.244,0.338,0.407,0.745,0
Cal Raleigh,SEA,C,758300.00,27,145,513,78,119,23,1,30,75,0,0,54,158,0,1,1,0.232,0.306,0.456,0.762,0
Jeremy Pena,HOU,SS,754900.00,26,150,577,81,152,32,3,10,52,13,9,43,129,1,1,9,0.263,0.324,0.381,0.705,0
Chas McCormick,HOU,OF,752500.00,28,115,403,59,110,17,2,22,70,19,6,40,117,1,2,11,0.273,0.353,0.489,0.842,0
Mark Mathias,SF,DH,750000.00,29,27,62,6,14,2,0,0,6,3,0,10,15,0,0,0,0.226,0.333,0.258,0.591,0
Pavin Smith,ARI,OF,750000.00,28,69,191,26,36,5,0,7,30,1,1,35,45,0,0,1,0.188,0.317,0.325,0.642,0
Sam Hilliard,ATL,OF,750000.00,30,40,72,15,17,5,0,3,6,4,0,6,33,0,0,0,0.236,0.295,0.431,0.726,0
Jazz Chisholm,MIA,OF,749500.00,26,97,352,50,88,12,2,19,51,22,3,26,118,1,2,2,0.25,0.304,0.457,0.761,0
Alec Bohm,PHI,3B,748000.00,27,145,558,74,153,31,0,20,97,4,1,42,94,0,6,5,0.274,0.327,0.437,0.764,0
Jonah Heim,TEX,C,745660.00,28,131,457,61,118,28,0,18,95,2,0,40,96,0,3,1,0.258,0.317,0.438,0.755,0
Oswaldo Cabrera,NYY,OF,742750.00,25,115,298,35,63,11,0,5,29,8,0,25,72,3,2,2,0.211,0.275,0.299,0.574,0
Dylan Carlson,STL,OF,742400.00,25,76,219,27,48,8,1,5,27,3,0,26,49,0,3,7,0.219,0.318,0.333,0.651,0
Ryan Jeffers,MIN,C,741650.00,26,96,286,46,79,15,2,14,43,3,2,33,93,4,2,10,0.276,0.369,0.49,0.859,0
Garrett Stubbs,PHI,C,741000.00,30,41,113,15,23,4,1,1,12,2,0,9,29,1,0,2,0.204,0.274,0.283,0.557,0
Edward Olivares,KC,OF,740750.00,28,107,354,47,93,23,4,12,36,11,5,22,64,0,2,7,0.263,0.317,0.452,0.769,0
Carlos Perez,OAK,C,740000.00,33,66,168,17,38,4,0,6,20,0,0,13,40,1,3,4,0.226,0.293,0.357,0.65,0
Jake Fraley,CIN,OF,740000.00,28,111,336,41,86,18,0,15,65,21,5,37,71,0,1,6,0.256,0.339,0.443,0.782,0
Matt Thaiss,LAA,C,740000.00,28,95,262,32,56,6,0,9,31,2,0,36,83,0,3,6,0.214,0.319,0.34,0.659,0
Geraldo Perdomo,ARI,SS,738600.00,24,144,407,71,100,20,4,6,47,16,4,64,86,14,4,6,0.246,0.353,0.359,0.712,0
Ryan Mountcastle,BAL,1B,738400.00,27,115,423,64,114,21,1,18,68,3,1,37,107,0,7,3,0.27,0.328,0.452,0.78,0
Bryan De La Cruz,MIA,OF,736000.00,27,153,579,60,149,32,0,19,78,4,1,40,142,0,5,1,0.257,0.304,0.411,0.715,0
Alex Kirilloff,MIN,1B,735650.00,26,88,281,35,76,14,1,11,41,1,0,28,80,0,3,7,0.27,0.348,0.445,0.793,0
Nick Gordon,MIN,OF,735400.00,28,34,91,13,16,5,1,2,7,0,0,1,11,1,0,0,0.176,0.185,0.319,0.504,0
Alek Thomas,ARI,OF,735200.00,23,125,374,51,86,17,5,9,39,9,1,19,86,2,3,4,0.23,0.273,0.374,0.647,0
Connor Joe,PIT,OF,735000.00,31,133,413,63,102,31,4,11,42,3,5,50,110,0,1,8,0.247,0.339,0.421,0.76,0
Gavin Sheets,CWS,OF,735000.00,27,118,311,24,63,10,0,10,43,1,0,28,66,0,4,1,0.203,0.267,0.331,0.598,0
Isaac Paredes,TB,3B,735000.00,25,143,492,71,123,24,0,31,98,1,0,58,104,0,1,20,0.25,0.352,0.488,0.84,0
Ramon Urias,BAL,3B,734700.00,29,116,360,45,95,22,3,4,42,3,1,27,101,0,1,8,0.264,0.328,0.375,0.703,0
Brandon Marsh,PHI,OF,734500.00,26,133,404,58,112,25,6,12,60,10,2,59,144,1,4,4,0.277,0.372,0.458,0.83,0
Bryson Stott,PHI,2B,734500.00,26,151,585,78,164,32,2,15,62,31,3,39,100,1,8,7,0.28,0.329,0.419,0.748,0
Adley Rutschman,BAL,C,733900.00,26,154,588,84,163,31,1,20,80,1,2,92,101,0,5,2,0.277,0.374,0.435,0.809,0
Trevor Larnach,MIN,OF,733650.00,27,58,183,26,39,7,3,8,40,1,1,27,72,0,2,0,0.213,0.311,0.415,0.726,0
Leody Taveras,TEX,OF,733445.00,25,143,511,67,136,31,3,14,67,14,4,35,117,3,4,1,0.266,0.312,0.421,0.733,0
Carter Kieboom,WAS,3B,733400.00,26,27,87,12,18,2,0,4,11,0,0,6,27,0,0,1,0.207,0.266,0.368,0.634,0
Andre Lipcius,DET,3B,733000.00,25,13,35,3,10,1,0,1,4,0,0,3,8,0,0,0,0.286,0.342,0.4,0.742,0
Triston Casas,BOS,1B,732500.00,24,132,429,66,113,21,2,24,65,0,0,70,126,0,2,1,0.263,0.367,0.49,0.857,0
Lars Nootbaar,STL,OF,732400.00,26,117,426,74,111,23,1,14,46,11,1,72,99,1,3,1,0.261,0.367,0.418,0.785,0
Jake Meyers,HOU,OF,732000.00,27,112,309,42,70,16,1,10,33,5,2,26,88,0,1,5,0.227,0.296,0.382,0.678,0
Seby Zavala,CWS,C,732000.00,30,73,175,17,30,4,0,7,18,1,0,12,70,2,2,2,0.171,0.23,0.314,0.545,0
Jose Siri,TB,OF,731600.00,28,101,338,58,75,13,2,25,56,12,3,20,130,1,3,2,0.222,0.267,0.494,0.761,0
Ben Rortvedt,NYY,C,730000.00,26,32,68,6,8,1,0,2,4,0,0,11,19,0,0,0,0.118,0.241,0.221,0.462,0
Logan O'Hoppe,LAA,C,730000.00,24,51,182,23,43,6,0,14,29,0,1,14,48,0,1,2,0.236,0.296,0.5,0.796,0
Nick Fortes,MIA,C,730000.00,27,108,294,33,60,10,0,6,26,4,2,17,59,3,2,7,0.204,0.263,0.299,0.562,0
Seth Brown,OAK,OF,730000.00,31,112,343,33,76,19,1,14,52,3,1,30,101,1,2,2,0.222,0.286,0.405,0.691,0
Jarred Kelenic,SEA,OF,729400.00,24,105,372,44,94,25,2,11,49,13,5,41,132,0,2,1,0.253,0.327,0.419,0.746,0
Riley Adams,WAS,C,728800.00,27,44,143,8,39,13,2,4,21,0,0,11,45,1,1,2,0.273,0.331,0.476,0.807,0
Brendan Donovan,STL,2B,728600.00,27,95,327,48,93,10,1,11,34,5,1,33,53,1,1,9,0.284,0.365,0.422,0.787,0
Jose Miranda,MIN,3B,727850.00,25,40,142,12,30,4,0,3,13,0,0,9,24,0,0,1,0.211,0.263,0.303,0.566,0
Riley Greene,DET,OF,727800.00,23,99,378,51,109,19,4,11,37,7,0,35,114,0,2,1,0.288,0.349,0.447,0.796,0
Taylor Walls,TB,SS,727600.00,27,99,303,50,61,12,2,8,36,22,1,44,92,1,0,1,0.201,0.305,0.333,0.638,0
Kyle Isbel,KC,OF,727500.00,27,91,292,45,70,22,2,5,34,7,1,17,59,1,2,1,0.24,0.282,0.38,0.662,0
Nick Pratto,KC,1B,727500.00,25,95,306,33,71,16,0,7,35,1,1,29,138,0,4,6,0.232,0.307,0.353,0.66,0
Steven Kwan,CLE,OF,727300.00,26,158,638,93,171,36,7,5,54,21,3,70,75,1,6,3,0.268,0.34,0.37,0.71,0
Matt Vierling,DET,OF,727100.00,27,134,479,63,125,21,5,10,44,6,6,44,112,1,1,5,0.261,0.329,0.388,0.717,0
Royce Lewis,MIN,3B,727100.00,24,58,217,36,67,7,0,15,52,6,1,20,55,0,0,2,0.309,0.372,0.548,0.92,0
Nolan Gorman,STL,2B,726950.00,23,119,406,59,96,17,0,27,76,7,2,53,148,0,2,3,0.236,0.328,0.478,0.806,0
Sam Haggerty,SEA,OF,726600.00,29,52,91,13,23,3,1,1,5,10,1,15,17,1,0,1,0.253,0.364,0.341,0.705,0
MJ Melendez,KC,OF,726500.00,25,148,533,65,125,29,5,16,56,6,4,62,170,0,4,3,0.235,0.316,0.398,0.714,0
Jake Rogers,DET,C,726000.00,28,107,331,47,73,11,0,21,49,1,1,28,118,1,2,3,0.221,0.286,0.444,0.73,0
Brent Rooker,OAK,OF,725000.00,29,137,463,61,114,20,1,30,69,4,0,49,172,0,4,10,0.246,0.329,0.488,0.817,0
Jack Suwinski,PIT,OF,725000.00,25,144,447,63,100,21,2,26,74,13,2,75,172,0,6,6,0.224,0.339,0.454,0.793,0
Garrett Mitchell,MIL,OF,724300.00,25,19,65,10,16,2,1,3,7,1,1,7,26,0,1,0,0.246,0.315,0.446,0.761,0
CJ Abrams,WAS,SS,724200.00,23,151,563,83,138,28,6,18,64,47,4,32,118,3,3,13,0.245,0.3,0.412,0.712,0
Ezequiel Duran,TEX,SS,724170.00,24,122,406,55,112,22,2,14,46,8,4,23,120,1,2,7,0.276,0.324,0.443,0.767,0
Bubba Thompson,TEX,OF,724000.00,25,37,53,10,9,4,1,0,4,4,2,4,16,1,1,1,0.17,0.237,0.283,0.52,0
Jose Azocar,SD,OF,723700.00,27,55,91,16,21,6,0,2,9,8,2,4,24,5,0,2,0.231,0.278,0.363,0.641,0
Kerry Carpenter,DET,OF,723700.00,26,118,418,57,116,17,2,20,64,6,0,32,115,0,1,8,0.278,0.34,0.471,0.811,0
Joey Meneses,WAS,DH,723300.00,31,154,611,71,168,36,1,13,89,0,0,38,130,0,3,5,0.275,0.321,0.401,0.722,0
Gunnar Henderson,BAL,SS,723200.00,22,150,560,100,143,29,9,28,82,10,3,56,159,0,3,3,0.255,0.325,0.489,0.814,0
Josh Lowe,TB,OF,723200.00,26,135,466,71,136,33,2,20,83,32,3,31,124,0,3,1,0.292,0.335,0.5,0.835,0
Spencer Torkelson,DET,1B,723100.00,24,159,606,88,141,34,1,31,94,3,0,67,171,0,5,6,0.233,0.313,0.446,0.759,0
Romy Gonzalez,CWS,2B,723000.00,27,44,93,11,18,4,2,3,14,7,0,2,36,1,1,0,0.194,0.208,0.376,0.584,0
Michael Massey,KC,2B,722850.00,25,129,428,42,98,18,1,15,55,6,2,24,99,1,4,4,0.229,0.274,0.381,0.655,0
Luis Campusano,SD,C,722700.00,25,49,163,27,52,7,0,7,30,0,0,7,21,0,1,3,0.319,0.356,0.491,0.847,0
Oscar Gonzalez,CLE,OF,722600.00,26,54,173,15,37,7,2,2,12,0,0,5,46,0,1,1,0.214,0.239,0.312,0.551,0
Gabriel Moreno,ARI,C,722500.00,24,111,341,33,97,19,1,7,50,6,2,29,75,0,7,3,0.284,0.339,0.408,0.747,0
James Outman,LAD,OF,722500.00,26,151,483,86,120,16,3,23,70,16,3,68,181,0,4,12,0.248,0.353,0.437,0.79,0
Stuart Fairchild,CIN,OF,722500.00,28,97,219,34,50,16,2,5,28,10,3,25,69,3,2,6,0.228,0.321,0.388,0.709,0
Drew Waters,KC,OF,722400.00,25,98,302,40,69,11,5,8,32,16,5,27,107,0,3,5,0.228,0.3,0.377,0.677,0
Luke Raley,TB,OF,722300.00,29,118,357,56,89,23,3,19,49,14,3,28,128,1,2,18,0.249,0.333,0.49,0.823,0
Terrin Vavra,BAL,2B,722100.00,26,27,49,9,12,0,0,0,5,1,0,5,12,2,0,0,0.245,0.315,0.245,0.56,0
Alan Trejo,COL,SS,722000.00,27,83,207,24,48,11,0,4,26,5,1,16,51,1,2,1,0.232,0.288,0.343,0.631,0
Connor Wong,BOS,C,722000.00,27,126,371,55,87,25,2,9,36,8,2,22,134,3,1,6,0.235,0.288,0.385,0.673,0
Elehuris Montero,COL,3B,722000.00,25,85,284,40,69,15,2,11,39,0,0,15,111,0,3,5,0.243,0.29,0.426,0.716,0
Ezequiel Tovar,COL,SS,722000.00,22,153,581,79,147,37,4,15,73,11,5,25,166,2,3,4,0.253,0.287,0.408,0.695,0
Sean Bouchard,COL,OF,722000.00,27,21,38,11,12,2,0,4,7,0,1,4,14,0,1,0,0.316,0.372,0.684,1.056,0
Alex Call,WAS,OF,721800.00,29,128,375,43,75,14,1,8,38,9,8,53,78,3,2,6,0.2,0.307,0.307,0.614,0
Josh Jung,TEX,3B,721485.00,26,122,478,75,127,25,1,23,70,1,3,30,151,0,2,5,0.266,0.315,0.467,0.782,0
Alec Burleson,STL,OF,721450.00,25,107,315,34,77,20,1,8,36,3,1,23,45,1,2,3,0.244,0.3,0.39,0.69,0
Akil Baddoo,DET,OF,721300.00,25,112,312,40,68,13,1,11,34,14,3,42,89,2,1,0,0.218,0.31,0.372,0.682,0
Miles Mastrobuoni,CHC,3B,720500.00,28,61,133,24,32,5,0,1,5,13,1,13,32,3,0,0,0.241,0.308,0.301,0.609,0
Eguy Rosario,SD,3B,720400.00,24,11,36,6,9,1,1,2,6,0,0,1,12,0,0,0,0.25,0.27,0.5,0.77,0
Gabriel Arias,CLE,SS,720100.00,24,122,315,36,66,15,0,10,26,3,4,28,113,0,1,1,0.21,0.275,0.352,0.627,0
Alexander Canario,CHC,DH,720000.00,23,6,17,1,5,1,1,1,6,0,0,0,8,0,0,0,0.294,0.294,0.647,0.941,0
Alfonso Rivas,PIT,1B,720000.00,27,48,109,8,25,10,1,3,15,1,0,9,36,1,1,3,0.229,0.303,0.422,0.725,0
Andrew Velazquez,LAA,SS,720000.00,29,54,81,12,14,3,0,2,3,13,3,10,30,3,0,0,0.173,0.264,0.284,0.548,0
Andruw Monasterio,MIL,2B,720000.00,26,92,282,38,73,14,1,3,27,7,2,28,66,0,2,3,0.259,0.33,0.348,0.678,0
Anthony Volpe,NYY,SS,720000.00,22,159,541,62,113,23,4,21,60,24,5,52,167,1,2,5,0.209,0.283,0.383,0.666,0
Austin Wynns,COL,C,720000.00,33,51,130,11,27,6,0,1,10,1,0,9,39,3,1,2,0.208,0.268,0.277,0.545,0
Billy McKinney,NYY,OF,720000.00,29,48,128,19,29,3,1,6,14,1,0,17,39,0,1,1,0.227,0.32,0.406,0.726,0
Blake Perkins,MIL,OF,720000.00,27,67,143,28,31,7,0,4,20,5,2,23,46,2,0,0,0.217,0.325,0.35,0.675,0
Blake Rutherford,WAS,OF,720000.00,26,16,35,4,6,0,0,0,2,0,0,1,10,0,0,0,0.171,0.194,0.171,0.365,0
Blake Sabol,SF,C,720000.00,26,110,310,36,73,10,0,13,44,4,2,24,117,2,2,6,0.235,0.301,0.394,0.695,0
Bligh Madris,HOU,OF,720000.00,28,12,26,4,4,1,0,0,0,0,0,4,7,0,0,0,0.154,0.267,0.192,0.459,0
Bo Naylor,CLE,C,720000.00,24,67,198,33,47,13,0,11,32,5,0,30,53,0,1,1,0.237,0.339,0.47,0.809,0
Bobby Dalbec,BOS,1B,720000.00,28,21,49,6,10,2,0,1,1,1,0,4,28,0,0,0,0.204,0.264,0.306,0.57,0
Braden Shewmake,ATL,SS,720000.00,26,2,4,0,0,0,0,0,0,0,0,0,1,0,0,0,0,0,0,0,0
Brandon Dixon,SD,3B,720000.00,32,33,79,10,16,4,0,2,9,1,0,1,31,0,2,4,0.203,0.244,0.329,0.573,0
Brenton Doyle,COL,OF,720000.00,25,126,399,48,81,16,5,10,48,22,5,22,151,3,3,4,0.203,0.25,0.343,0.593,0
Brett Baty,NYM,3B,720000.00,24,108,353,41,75,12,0,9,34,2,0,29,109,1,1,2,0.212,0.275,0.323,0.598,0
Brett Sullivan,SD,C,720000.00,30,33,81,7,17,3,0,1,6,0,0,4,19,0,1,0,0.21,0.244,0.284,0.528,0
Brian O'Keefe,SEA,C,720000.00,30,8,19,0,2,2,0,0,2,0,0,2,7,0,0,0,0.105,0.19,0.211,0.401,0
Brice Turang,MIL,2B,720000.00,24,137,404,46,88,9,3,6,34,26,4,38,94,3,2,1,0.218,0.285,0.3,0.585,0
Buddy Kennedy,ARI,3B,720000.00,25,10,24,1,4,1,0,0,1,0,0,4,6,0,0,1,0.167,0.31,0.208,0.518,0
Caleb Hamilton,BOS,C,720000.00,29,4,5,0,0,0,0,0,0,0,0,1,5,0,0,0,0,0.167,0,0.167,0
Cam Eden,TOR,OF,720000.00,25,5,6,1,1,0,0,0,0,0,0,0,2,0,0,0,0.167,0.167,0.167,0.334,0
Carlos Perez,CWS,C,720000.00,27,27,49,5,10,4,0,1,3,0,0,4,11,0,0,0,0.204,0.264,0.347,0.611,0
Carson Kelly,ARI,C,720000.00,29,50,136,13,28,5,0,2,13,1,0,14,40,0,1,0,0.206,0.278,0.287,0.565,1
Casey Schmitt,SF,SS,720000.00,25,90,253,28,52,15,0,5,30,2,1,13,65,3,3,5,0.206,0.255,0.324,0.579,0
Christopher Morel,CHC,OF,720000.00,24,107,388,62,96,17,3,26,70,6,2,36,133,1,2,2,0.247,0.313,0.508,0.821,0
Dairon Blanco,KC,OF,720000.00,30,69,124,19,32,7,4,3,18,24,5,10,33,2,0,2,0.258,0.324,0.452,0.776,0
Darin Ruf,MIL,DH,720000.00,37,20,49,3,11,3,0,0,3,0,0,8,16,0,0,0,0.225,0.333,0.286,0.619,0
Emmanuel Rivera,ARI,3B,720000.00,27,86,257,32,67,13,0,4,29,1,0,22,56,0,4,0,0.261,0.314,0.358,0.672,0
Estevan Florial,NYY,OF,720000.00,26,19,61,5,14,3,1,0,8,3,0,7,20,0,1,2,0.23,0.324,0.311,0.635,0
Everson Pereira,NYY,OF,720000.00,22,27,93,6,14,4,0,0,10,4,0,8,40,0,0,2,0.151,0.233,0.194,0.427,0
Freddy Fermin,KC,C,720000.00,28,70,217,26,61,10,1,9,32,0,0,13,50,1,3,1,0.281,0.321,0.461,0.782,0
Henry Davis,PIT,OF,720000.00,24,62,225,27,48,10,0,7,24,3,5,25,69,0,1,4,0.213,0.302,0.351,0.653,0
Hunter Goodman,COL,OF,720000.00,24,23,70,6,14,4,3,1,17,1,0,5,24,0,2,0,0.2,0.247,0.386,0.633,0
Jake Bauers,NYY,1B,720000.00,28,84,242,28,49,15,0,12,30,3,2,27,95,0,3,0,0.202,0.279,0.413,0.692,0
Jake Burger,MIA,3B,720000.00,27,141,492,71,123,28,1,34,80,1,1,32,149,0,4,12,0.25,0.309,0.518,0.828,0
Jarren Duran,BOS,OF,720000.00,27,102,332,46,98,34,2,8,40,24,2,24,90,0,2,3,0.295,0.346,0.482,0.828,0
Jason Delay,PIT,C,720000.00,29,70,167,20,42,11,1,1,18,0,0,14,44,2,1,3,0.251,0.319,0.347,0.666,0
Jonathan Davis,MIA,OF,720000.00,31,34,90,22,22,4,1,2,10,1,2,7,29,2,2,2,0.244,0.307,0.378,0.685,0
Josh Donaldson,NYY,3B,720000.00,38,50,165,18,25,5,0,13,26,0,0,22,50,0,2,0,0.152,0.249,0.418,0.667,0
Joshua Palacios,PIT,OF,720000.00,28,91,247,26,59,9,2,10,40,5,0,12,56,2,1,2,0.239,0.279,0.413,0.692,0
Logan Porter,KC,C,720000.00,28,11,31,4,6,1,0,1,3,0,0,5,11,1,0,1,0.194,0.324,0.323,0.647,0
Maikel Garcia,KC,3B,720000.00,24,123,464,59,126,20,4,4,50,23,7,38,115,1,10,2,0.272,0.323,0.358,0.681,0
Miguel Amaya,CHC,C,720000.00,25,53,131,17,28,4,0,5,18,0,0,12,40,1,1,11,0.214,0.329,0.359,0.688,0
Mike Tauchman,CHC,OF,720000.00,33,108,337,64,85,18,0,8,48,7,1,56,86,1,3,4,0.252,0.363,0.377,0.74,0
Nelson Velazquez,KC,OF,720000.00,25,53,162,35,38,6,0,17,34,0,0,14,51,0,1,2,0.235,0.302,0.586,0.888,0
Nick Gonzales,PIT,2B,720000.00,24,35,115,12,24,8,1,2,13,0,1,6,36,1,2,4,0.209,0.268,0.348,0.616,0
Nick Loftin,KC,1B,720000.00,25,19,62,10,20,5,1,0,10,2,0,4,12,0,1,1,0.323,0.368,0.435,0.803,0
Nolan Jones,COL,OF,720000.00,25,106,367,60,109,22,4,20,62,20,4,53,126,0,1,3,0.297,0.389,0.542,0.931,0
Oneil Cruz,PIT,SS,720000.00,25,9,32,7,8,1,0,1,4,3,0,7,8,0,1,0,0.25,0.375,0.375,0.75,0
Oswald Peraza,NYY,3B,720000.00,23,52,173,15,33,8,0,2,14,4,3,13,50,0,0,5,0.191,0.267,0.272,0.539,0
Pete Crow-Armstrong,CHC,OF,720000.00,21,13,14,3,0,0,0,0,1,2,2,3,7,2,0,0,0,0.176,0,0.176,0
Sal Frelick,MIL,OF,720000.00,23,57,191,29,47,9,1,3,24,7,0,28,37,0,3,1,0.246,0.341,0.351,0.692,0
Tucupita Marcano,PIT,OF,720000.00,24,75,202,16,47,12,2,3,18,5,2,10,35,3,2,3,0.233,0.276,0.356,0.632,0
Bryce Johnson,SF,OF,700000.00,28,30,43,7,7,1,0,1,3,3,0,4,15,0,1,0,0.163,0.229,0.256,0.485,0
Cal Stevenson,SF,OF,700000.00,27,6,9,1,0,0,0,0,0,0,0,3,2,0,0,0,0,0.25,0,0.25,0
Canaan Smith-Njigba,PIT,OF,700000.00,24,15,32,3,4,1,1,0,5,1,0,4,16,0,1,0,0.125,0.216,0.219,0.435,0
Andy Ibanez,DET,2B,600000.00,30,114,356,42,94,23,2,11,41,1,0,24,69,1,1,1,0.264,0.312,0.433,0.745,0
Ben Gamel,SD,OF,507000.00,31,6,15,2,3,1,0,0,2,0,0,0,2,0,0,0,0.2,0.2,0.267,0.467,0
Brian Serven,COL,C,200000.00,28,11,23,0,3,1,0,0,1,0,0,0,10,0,0,0,0.13,0.13,0.174,0.304,0
Coco Montes,COL,2B,770000.00,27,18,38,3,7,2,0,1,3,0,0,2,12,0,0,1,0.184,0.244,0.316,0.56,0
Colton Cowser,BAL,OF,770000.00,24,26,61,15,7,2,0,0,4,1,0,13,22,0,1,2,0.115,0.286,0.148,0.434,0
Conner Capel,OAK,OF,770000.00,26,32,73,6,19,5,0,0,3,5,3,12,25,0,0,1,0.26,0.372,0.329,0.701,0
Corey Dickerson,WAS,OF,770000.00,34,50,144,12,36,7,1,2,17,0,1,7,28,0,1,0,0.25,0.283,0.354,0.637,0
Cristian Pache,PHI,OF,770000.00,25,48,84,12,20,7,1,2,11,2,3,10,27,1,0,0,0.238,0.319,0.417,0.736,0
Curtis Mead,TB,3B,770000.00,23,24,83,12,21,3,1,1,5,0,0,7,21,0,0,2,0.253,0.326,0.349,0.675,0
DJ Stewart,NYM,OF,770000.00,30,58,160,21,39,9,0,11,26,1,1,15,56,1,1,7,0.244,0.333,0.506,0.839,0
Dominic Canzone,SEA,OF,770000.00,26,59,173,23,38,13,0,6,21,1,0,8,32,0,0,1,0.22,0.258,0.399,0.657,0
Elly De La Cruz,CIN,SS,770000.00,22,98,388,67,91,15,7,13,44,35,8,35,144,1,1,2,0.235,0.3,0.41,0.71,0
Enmanuel Valdez,BOS,2B,770000.00,25,49,139,17,37,8,0,6,19,5,1,8,37,0,0,1,0.266,0.311,0.453,0.764,0
Eric Haase,DET,C,770000.00,31,89,374,22,55,8,1,4,26,4,1,17,81,1,1,0,0.201,0.247,0.281,0.528,0
Esteury Ruiz,OAK,OF,770000.00,25,132,449,47,114,24,1,5,47,67,13,20,99,4,1,16,0.254,0.309,0.345,0.654,0
Fernando Tatis,SD,OF,770000.00,25,141,575,91,148,33,1,25,78,29,4,53,141,1,3,3,0.257,0.322,0.449,0.771,0
Francisco Alvarez,NYM,C,770000.00,22,123,382,51,80,12,0,25,63,2,0,34,110,0,1,6,0.209,0.284,0.437,0.721,0
Gio Urshela,LAA,3B,770000.00,32,62,214,22,64,8,1,2,24,3,2,10,36,0,3,1,0.299,0.329,0.374,0.703,0
Heliot Ramos,SF,OF,770000.00,24,25,56,5,10,4,0,1,2,0,0,4,20,0,0,0,0.179,0.233,0.304,0.537,0
Ivan Herrera,STL,C,770000.00,23,13,37,6,11,2,0,0,4,0,0,5,11,0,0,2,0.297,0.409,0.351,0.76,0
J.P. Martinez,TEX,OF,770000.00,27,17,40,7,9,1,0,1,4,0,0,2,16,0,2,0,0.225,0.25,0.325,0.575,0
Jackie Bradley,KC,OF,770000.00,33,43,105,10,14,5,0,1,6,0,0,5,29,1,0,2,0.133,0.188,0.21,0.398,0
Jake Alu,WAS,2B,770000.00,26,51,159,14,36,2,1,2,16,5,1,10,42,1,2,3,0.226,0.282,0.289,0.571,0
Jasson Dominguez,NYY,OF,770000.00,21,8,31,6,8,1,0,4,7,1,0,2,8,0,0,0,0.258,0.303,0.677,0.98,0
Jesus Aguilar,OAK,1B,770000.00,33,36,104,8,23,2,0,5,9,0,0,8,31,0,1,1,0.221,0.281,0.385,0.666,0
Jonathan Aranda,TB,DH,770000.00,25,34,87,13,20,4,1,2,13,0,0,13,31,0,1,2,0.23,0.34,0.368,0.708,0
Jose Barrero,CIN,OF,770000.00,25,46,133,15,29,8,0,2,17,3,2,15,44,0,1,0,0.218,0.295,0.323,0.618,0
Jose Fermin,STL,2B,770000.00,24,21,51,2,12,1,0,0,4,0,1,6,8,2,0,2,0.235,0.339,0.255,0.594,0
Jose Herrera,ARI,C,770000.00,27,43,101,15,21,5,0,0,7,1,0,13,30,5,1,0,0.208,0.296,0.257,0.553,0
Juan Yepez,STL,OF,770000.00,26,28,60,5,11,1,0,2,2,0,1,4,20,0,0,1,0.183,0.246,0.3,0.546,0
Junior Caminero,TB,3B,770000.00,20,7,34,4,8,1,0,1,7,0,0,2,8,0,0,0,0.235,0.278,0.353,0.631,0
Kevin Padlo,LAA,3B,770000.00,27,3,8,1,1,1,0,0,0,0,0,0,0,0,0,0,0.125,0.125,0.25,0.375,0
Kolten Wong,SEA,2B,770000.00,33,87,224,25,41,6,0,4,27,3,2,18,53,0,3,4,0.183,0.256,0.263,0.519,0
Korey Lee,CWS,C,770000.00,25,24,65,4,5,1,0,1,3,0,0,5,20,0,0,0,0.077,0.143,0.138,0.281,0
Lawrence Butler,OAK,OF,770000.00,23,42,123,10,26,4,0,4,10,0,0,4,35,0,1,1,0.211,0.24,0.341,0.581,0
Lenyn Sosa,CWS,2B,770000.00,24,52,164,12,33,6,0,6,14,0,1,5,40,3,1,0,0.201,0.224,0.348,0.572,0
Luis Matos,SF,OF,770000.00,22,76,228,24,57,13,1,2,14,3,0,20,33,2,0,3,0.25,0.319,0.342,0.661,0
Luke Williams,LAD,SS,770000.00,27,11,19,1,1,0,0,0,0,4,0,0,7,0,0,0,0.053,0.053,0.053,0.105,0
Mark Vientos,NYM,DH,770000.00,24,65,218,19,46,5,1,9,22,1,0,10,71,0,2,3,0.211,0.253,0.367,0.62,0
Masyn Winn,STL,SS,770000.00,21,37,122,8,21,2,0,2,12,2,1,10,26,2,3,0,0.172,0.23,0.238,0.468,0
Matt Mervis,CHC,1B,770000.00,25,27,90,8,15,2,0,3,11,0,0,8,32,0,0,1,0.167,0.242,0.289,0.531,0
Matt Wallner,MIN,OF,770000.00,26,76,213,42,53,11,1,14,41,2,1,28,80,0,0,13,0.249,0.37,0.507,0.877,0
Matthew Batten,SD,3B,770000.00,28,43,120,19,31,6,0,2,11,2,2,17,30,1,0,1,0.258,0.355,0.358,0.713,0
Michael Toglia,COL,OF,770000.00,25,45,141,18,23,5,0,4,9,1,1,10,50,0,0,1,0.163,0.224,0.284,0.508,0
Mickey Moniak,LAA,OF,770000.00,25,85,311,35,87,21,2,14,45,6,3,9,113,0,0,3,0.28,0.307,0.495,0.802,0
Miguel Vargas,LAD,2B,770000.00,24,81,256,36,50,15,4,7,32,3,2,38,61,1,4,4,0.195,0.305,0.367,0.672,0
Mike Moustakas,LAA,3B,770000.00,35,112,352,43,87,15,0,12,48,0,0,23,95,0,8,3,0.247,0.293,0.392,0.685,0
Mike Zunino,CLE,C,770000.00,32,42,124,11,22,7,0,3,11,0,0,15,61,0,0,1,0.177,0.271,0.306,0.577,0
Nelson Cruz,SD,DH,770000.00,43,49,143,9,35,5,1,5,23,1,0,6,46,0,1,2,0.245,0.283,0.399,0.682,0
Noelvi Marte,CIN,3B,770000.00,22,35,114,15,36,7,0,3,15,6,2,8,25,0,0,1,0.316,0.366,0.456,0.822,0
Parker Meadows,DET,OF,770000.00,24,37,125,19,29,4,2,3,13,8,1,17,37,0,1,2,0.232,0.331,0.368,0.699,0
Ryan Kreidler,DET,SS,770000.00,26,11,18,2,2,0,0,0,0,0,0,0,7,0,0,0,0.111,0.111,0.111,0.222,0
Samad Taylor,KC,2B,770000.00,25,31,60,11,12,2,1,0,4,8,0,7,22,1,1,0,0.2,0.279,0.267,0.546,0
Shea Langeliers,OAK,C,770000.00,26,135,448,52,92,19,4,22,63,3,2,34,143,1,2,5,0.205,0.268,0.413,0.681,0
Spencer Steer,CIN,3B,770000.00,26,156,582,74,158,37,3,23,86,15,3,68,139,0,4,11,0.271,0.356,0.464,0.82,0
TJ Friedl,CIN,OF,770000.00,28,138,488,73,136,22,8,18,66,27,6,47,90,8,3,10,0.279,0.352,0.467,0.819,0
TJ Hopkins,CIN,OF,770000.00,27,25,41,7,7,0,0,0,1,1,0,2,17,0,0,1,0.171,0.227,0.171,0.398,0
Trey Cabbage,LAA,OF,770000.00,26,22,53,5,11,3,0,1,7,1,1,2,26,0,1,0,0.208,0.232,0.321,0.553,0
Trey Mancini,CHC,1B,770000.00,32,79,235,31,55,12,0,4,28,0,0,21,78,0,3,2,0.234,0.299,0.336,0.635,0
Tucker Barnhart,CHC,C,770000.00,33,47,109,6,22,3,0,1,9,1,0,12,42,0,1,1,0.202,0.285,0.257,0.542,0
Tyler Freeman,CLE,3B,770000.00,24,64,153,20,37,7,0,4,18,5,0,10,30,2,1,2,0.242,0.295,0.366,0.661,0
Tyler O'Neill,STL,OF,770000.00,28,72,238,27,55,14,0,9,21,5,0,28,67,0,0,0,0.231,0.312,0.403,0.715,1
Tyler Soderstrom,OAK,DH,770000.00,22,45,125,9,20,1,0,3,7,0,0,11,43,0,1,1,0.16,0.232,0.24,0.472,0
Vladimir Guerrero,TOR,1B,770000.00,25,156,602,78,159,30,0,26,94,5,3,67,100,0,4,9,0.264,0.345,0.444,0.789,0
Will Benson,CIN,OF,770000.00,25,108,287,51,79,15,8,11,31,19,3,40,103,0,1,1,0.275,0.365,0.498,0.863,0
Will Brennan,CLE,OF,770000.00,26,138,432,41,115,24,0,5,41,13,5,16,57,0,2,5,0.266,0.299,0.356,0.655,0
Wilmer Flores,SF,1B,770000.00,32,126,405,51,115,22,0,23,60,0,0,41,63,0,3,5,0.284,0.355,0.509,0.864,0
Wilyer Abreu,BOS,OF,770000.00,24,28,76,10,24,6,0,2,14,3,1,9,23,0,0,0,0.316,0.388,0.474,0.862,0
Xavier Edwards,MIA,2B,770000.00,24,30,78,12,23,3,0,0,3,5,0,3,14,2,0,1,0.295,0.329,0.333,0.662,0
Yainer Diaz,HOU,C,770000.00,25,104,355,51,100,22,0,23,60,0,0,11,74,0,6,5,0.282,0.308,0.538,0.846,0
Yasmani Grandal,CWS,C,770000.00,35,118,363,33,85,14,0,8,33,0,0,36,86,0,2,4,0.234,0.309,0.339,0.648,0
Yordan Alvarez,HOU,OF,770000.00,26,114,410,77,120,24,1,31,97,0,0,69,92,0,4,13,0.293,0.407,0.583,0.99,0
Zach Neto,LAA,SS,770000.00,23,84,289,38,65,17,0,9,34,5,1,20,77,1,3,16,0.225,0.308,0.377,0.685,0
Zack Gelof,OAK,2B,770000.00,24,69,270,40,72,20,1,14,32,14,2,26,82,0,1,3,0.267,0.337,0.504,0.841,0
Chandler Seagle,SD,C,740000.00,27,1,1,0,0,0,0,0,0,0,0,0,0,0,0,0,0,0,0,0,0
Christian Arroyo,BOS,2B,740000.00,28,66,195,23,47,16,0,3,24,1,3,7,45,1,2,1,0.241,0.268,0.369,0.637,0
David Fry,CLE,C,740000.00,28,58,101,12,24,6,0,4,15,2,0,8,30,0,0,4,0.238,0.319,0.416,0.735,0
David Hensley,HOU,DH,740000.00,27,30,84,12,10,1,0,1,3,1,0,10,35,0,0,0,0.119,0.213,0.167,0.38,0
DJ LeMahieu,NYY,3B,740000.00,35,136,497,55,121,22,3,15,44,2,2,60,125,0,2,3,0.243,0.327,0.39,0.717,0
Drew Millas,WAS,C,740000.00,26,11,28,1,8,2,0,1,6,0,0,4,5,1,0,0,0.286,0.375,0.464,0.839,0
Edouard Julien,MIN,2B,740000.00,24,109,338,60,89,16,1,16,37,3,0,64,128,1,3,2,0.263,0.381,0.459,0.84,0
Ernie Clement,TOR,SS,740000.00,27,30,50,7,19,1,1,1,10,1,0,1,4,0,1,0,0.38,0.385,0.5,0.885,0
Evan Carter,TEX,OF,740000.00,21,23,62,15,19,4,1,5,12,3,0,12,24,0,1,0,0.306,0.413,0.645,1.058,0
Francisco Mejia,TB,C,740000.00,28,50,150,22,34,11,0,5,19,0,1,6,38,1,2,1,0.227,0.258,0.4,0.658,0
Garrett Hampson,MIA,SS,740000.00,29,98,221,30,61,12,1,3,23,5,0,23,67,3,2,3,0.276,0.349,0.38,0.729,0
Hunter Renfroe,CIN,OF,740000.00,32,140,498,60,116,31,0,20,60,0,0,44,125,0,3,3,0.233,0.297,0.416,0.713,0
Isan Diaz,SF,2B,740000.00,27,8,24,0,1,0,0,0,1,0,0,2,9,0,0,0,0.042,0.115,0.042,0.157,0
Jacob Young,WAS,OF,740000.00,24,33,107,9,27,7,1,0,12,13,0,10,22,3,0,1,0.252,0.322,0.336,0.658,0
Jake McCarthy,ARI,OF,740000.00,26,99,276,37,67,7,5,2,16,26,4,26,62,4,1,5,0.243,0.318,0.326,0.644,0
Jason Heyward,LAD,OF,740000.00,34,124,334,56,90,23,0,15,40,2,2,34,64,0,3,3,0.269,0.34,0.473,0.813,0
JJ Bleday,OAK,OF,740000.00,26,82,256,35,50,11,0,10,27,5,1,42,72,0,3,2,0.195,0.31,0.355,0.665,0
Jo Adell,LAA,OF,740000.00,24,17,58,7,12,3,1,3,6,1,0,4,25,0,0,0,0.207,0.258,0.448,0.706,0
Joey Bart,SF,C,740000.00,27,30,87,9,18,5,0,0,5,0,0,3,23,0,1,4,0.207,0.263,0.264,0.527,0
Joey Ortiz,BAL,2B,740000.00,25,15,33,4,7,1,0,0,4,0,0,0,9,0,1,0,0.212,0.206,0.242,0.448,0
Jonathan Arauz,NYM,2B,740000.00,25,27,59,3,8,0,0,3,9,0,0,5,18,2,0,0,0.136,0.203,0.288,0.491,0
Jonathan Schoop,DET,2B,740000.00,32,55,136,15,29,8,0,0,7,0,0,13,37,0,2,0,0.213,0.278,0.272,0.55,0
Jordan Walker,STL,OF,740000.00,21,117,420,51,116,19,2,16,51,7,4,37,104,0,2,6,0.276,0.342,0.445,0.787,0
Jordan Westburg,BAL,2B,740000.00,25,68,208,26,54,17,2,3,23,4,1,16,56,0,3,1,0.26,0.311,0.404,0.715,0
Jordyn Adams,LAA,OF,740000.00,24,17,39,1,5,0,0,0,1,1,2,0,16,0,1,0,0.128,0.125,0.128,0.253,0
Jose Caballero,SEA,2B,740000.00,27,104,231,37,51,9,1,4,26,26,3,28,66,0,4,17,0.221,0.343,0.32,0.663,0
Jose Ramirez,CLE,3B,740000.00,31,156,611,87,172,36,5,24,80,28,6,73,73,0,6,1,0.282,0.356,0.475,0.831,0
Josh Harrison,PHI,2B,740000.00,36,41,103,8,21,3,0,2,10,0,0,3,20,0,2,6,0.204,0.263,0.291,0.554,0
Josh Smith,TEX,SS,740000.00,26,90,195,29,36,8,1,6,15,1,0,25,55,2,1,9,0.185,0.304,0.328,0.632,0
Jurickson Profar,SD,OF,740000.00,31,125,459,55,111,27,2,9,46,1,0,50,90,0,5,6,0.242,0.321,0.368,0.689,0
Kevin Smith,OAK,SS,740000.00,27,49,135,15,25,4,0,5,11,1,0,5,51,5,0,1,0.185,0.22,0.326,0.546,0
Kody Clemens,PHI,3B,740000.00,27,49,139,15,32,7,0,4,13,0,0,8,40,0,0,1,0.23,0.277,0.367,0.644,0
Kole Calhoun,CLE,OF,740000.00,36,43,157,18,34,7,0,6,25,0,1,13,37,0,2,2,0.217,0.282,0.376,0.658,0
Kyle Stowers,BAL,OF,740000.00,26,14,30,1,2,0,0,0,0,0,0,3,12,0,0,0,0.067,0.152,0.067,0.219,0
LaMonte Wade,SF,OF,740000.00,30,135,429,64,110,14,2,17,45,2,0,76,95,4,4,6,0.256,0.373,0.417,0.79,0
Lourdes Gurriel,ARI,OF,740000.00,30,145,551,65,144,35,2,24,82,5,0,33,103,0,2,6,0.261,0.309,0.463,0.772,0
Luis Torrens,SEA,C,740000.00,27,19,28,1,7,3,0,0,4,0,0,1,9,0,0,1,0.25,0.3,0.357,0.657,0
Matt McLain,CIN,2B,740000.00,24,89,365,65,106,23,4,16,50,14,5,31,115,0,0,7,0.29,0.357,0.507,0.864,0
Meibrys Viloria,CLE,C,740000.00,27,10,3,0,0,0,0,0,0,0,0,1,0,0,0,0,0,0.25,0,0.25,0
Mike Ford,SEA,DH,740000.00,31,84,219,32,50,6,0,16,34,0,0,24,81,0,1,7,0.228,0.323,0.475,0.798,0
Nate Eaton,KC,OF,740000.00,27,28,53,2,4,0,0,0,1,3,0,2,21,0,0,1,0.075,0.125,0.075,0.2,0
Nick Allen,OAK,SS,740000.00,25,106,303,29,67,4,2,4,20,5,1,17,52,6,2,1,0.221,0.263,0.287,0.55,0
Nick Maton,DET,3B,740000.00,27,93,249,29,43,9,0,8,32,1,2,38,73,1,2,3,0.173,0.288,0.305,0.593,0
Osleivis Basabe,TB,SS,740000.00,23,31,87,15,19,5,0,1,12,0,1,6,25,0,0,1,0.218,0.277,0.31,0.587,0
Pablo Reyes,BOS,SS,740000.00,30,64,167,27,48,9,0,2,20,7,2,14,21,2,2,0,0.287,0.339,0.377,0.716,0
Patrick Bailey,SF,C,740000.00,24,97,326,29,76,18,1,7,48,1,0,21,100,2,1,3,0.233,0.285,0.359,0.644,0
Peyton Burdick,MIA,OF,740000.00,27,14,33,4,6,2,0,1,2,1,0,3,18,0,0,1,0.182,0.27,0.333,0.603,0
Rafael Ortega,NYM,OF,740000.00,32,47,114,16,25,3,0,1,8,6,1,20,33,1,0,1,0.219,0.341,0.272,0.613,0
Rodolfo Castro,PIT,2B,740000.00,24,92,227,21,48,7,0,6,24,1,4,23,74,0,1,5,0.212,0.297,0.322,0.619,0
Ronald Acuna,ATL,OF,740000.00,26,159,643,149,217,35,4,41,106,73,14,80,84,0,3,9,0.337,0.416,0.596,1.012,0
Sam Huff,TEX,C,740000.00,26,21,43,5,11,2,0,3,6,0,0,2,17,0,0,0,0.256,0.289,0.512,0.801,0
Spencer Horwitz,TOR,1B,740000.00,26,15,39,5,10,2,0,1,7,0,0,4,12,0,0,1,0.256,0.341,0.385,0.726,0
Stone Garrett,WAS,OF,740000.00,28,89,234,40,63,17,0,9,40,3,1,26,82,0,5,3,0.269,0.343,0.457,0.8,0
Taylor Trammell,SEA,OF,740000.00,26,22,46,7,6,0,0,3,11,0,1,9,22,0,0,1,0.13,0.286,0.326,0.612,0
Travis Blankenhorn,WAS,3B,740000.00,27,10,31,2,5,0,0,1,1,0,0,6,6,0,0,0,0.161,0.297,0.258,0.555,0
Tristan Gray,TB,1B,740000.00,27,2,5,1,2,0,0,1,1,0,0,0,0,0,0,0,0.4,0.4,1,1.4,0
Tyrone Taylor,MIL,OF,740000.00,30,81,231,36,54,17,1,10,35,9,0,8,55,0,1,3,0.234,0.267,0.446,0.713,0
Victor Robles,WAS,OF,740000.00,26,36,107,15,32,5,1,0,8,8,1,11,18,4,0,4,0.299,0.385,0.364,0.749,1
Vidal Brujan,TB,2B,740000.00,26,37,76,14,13,2,0,0,6,3,2,5,21,1,0,2,0.171,0.241,0.197,0.438,0
Vinnie Pasquantino,KC,1B,740000.00,26,61,231,24,57,17,0,9,26,0,0,25,31,0,1,2,0.247,0.324,0.437,0.761,0
Vinny Capra,PIT,3B,740000.00,27,9,18,3,3,1,0,0,1,0,0,2,5,1,0,0,0.167,0.25,0.222,0.472,0
Wil Myers,CIN,OF,740000.00,33,37,127,11,24,3,0,3,12,2,1,12,48,1,1,0,0.189,0.257,0.283,0.54,0
Willi Castro,MIN,OF,740000.00,26,124,358,60,92,18,5,9,34,33,5,34,99,2,3,12,0.257,0.339,0.411,0.75,0
William Contreras,MIL,C,740000.00,26,141,540,86,156,38,1,17,78,6,1,63,126,1,2,5,0.289,0.367,0.457,0.824,0
Willson Contreras,STL,C,740000.00,31,125,428,55,113,27,0,20,67,6,3,51,111,1,2,13,0.264,0.358,0.467,0.825,0
Yandy Diaz,TB,1B,740000.00,32,137,525,95,173,35,0,22,78,0,1,65,94,0,2,8,0.33,0.41,0.522,0.932,0
Yonny Hernandez,LAD,3B,740000.00,25,14,22,5,3,1,0,0,4,0,0,2,8,1,1,1,0.136,0.231,0.182,0.413,0
Yu Chang,BOS,3B,740000.00,28,39,105,12,17,2,0,6,18,4,0,3,34,2,0,2,0.162,0.2,0.352,0.552,0
Yuli Gurriel,MIA,1B,740000.00,39,108,298,32,73,16,3,4,27,4,0,26,44,0,4,1,0.245,0.304,0.359,0.663,0
Zach McKinstry,DET,2B,740000.00,28,148,464,60,107,21,4,9,35,16,6,44,113,2,3,5,0.231,0.302,0.351,0.653,0
Zach Remillard,CWS,2B,740000.00,30,54,147,16,37,7,0,1,18,4,3,8,48,4,0,1,0.252,0.295,0.32,0.615,0
Zack Short,DET,2B,740000.00,28,112,221,17,45,9,0,7,33,5,0,28,66,3,1,0,0.204,0.292,0.339,0.631,0
Chad Wallach,LAA,C,720000.00,32,65,157,18,31,5,1,7,15,0,1,13,57,2,0,0,0.197,0.259,0.376,0.635,0
Christian Encarnacion-Strand,CIN,1B,720000.00,24,63,222,29,60,7,0,13,37,2,0,14,69,0,0,5,0.27,0.328,0.477,0.805,0
Cole Tucker,COL,OF,720000.00,27,5,8,2,4,0,0,0,2,0,0,1,2,0,0,1,0.5,0.6,0.5,1.1,0
Connor Kaiser,COL,SS,720000.00,27,3,4,0,0,0,0,0,0,0,0,0,2,0,0,0,0,0,0,0,0
Corey Julks,HOU,OF,720000.00,28,93,298,35,73,14,0,6,33,15,3,22,75,0,2,1,0.245,0.297,0.352,0.649,0
Daniel Vogelbach,NYM,DH,720000.00,31,104,275,33,64,8,0,13,48,0,0,42,81,0,0,2,0.233,0.339,0.404,0.743,0
David Hamilton,BOS,SS,720000.00,26,15,33,2,4,2,0,0,0,2,1,6,10,0,0,0,0.121,0.256,0.182,0.438,0
David Villar,SF,2B,720000.00,27,46,124,15,18,6,0,5,12,1,1,11,45,0,1,4,0.145,0.236,0.315,0.551,0
Davis Schneider,TOR,2B,720000.00,25,35,116,23,32,12,1,8,20,1,0,21,43,0,0,4,0.276,0.404,0.603,1.007,0
Diego Castillo,ARI,OF,720000.00,26,1,1,0,0,0,0,0,0,0,0,0,0,0,0,0,0,0,0,0,0
Dominic Fletcher,ARI,OF,720000.00,26,28,93,10,28,5,1,2,14,0,2,7,22,2,0,0,0.301,0.35,0.441,0.791,0
Endy Rodriguez,PIT,C,720000.00,23,57,186,27,41,7,2,3,13,0,0,17,49,0,1,0,0.22,0.284,0.328,0.612,0
Gary Sanchez,SD,C,720000.00,31,75,240,33,52,9,0,19,47,0,0,21,67,0,2,4,0.217,0.288,0.492,0.78,0
Grae Kessinger,HOU,SS,720000.00,26,26,40,3,8,2,0,1,1,0,1,5,12,0,0,0,0.2,0.289,0.325,0.614,0
Heston Kjerstad,BAL,DH,720000.00,25,13,30,3,7,1,0,2,3,0,0,2,10,0,0,0,0.233,0.281,0.467,0.748,0
Jacob Amaya,MIA,SS,720000.00,25,4,9,1,2,0,0,0,2,1,0,0,1,0,0,0,0.222,0.222,0.222,0.444,0
Jahmai Jones,MIL,DH,720000.00,26,7,10,2,2,1,0,0,3,1,0,1,5,0,0,0,0.2,0.273,0.3,0.573,0
Jared Triolo,PIT,3B,720000.00,26,54,181,30,54,9,0,3,21,6,1,24,63,0,1,3,0.298,0.388,0.398,0.786,0
Jared Walsh,LAA,1B,720000.00,30,39,104,10,13,4,0,4,11,0,0,11,45,0,0,1,0.125,0.216,0.279,0.495,0
Jean Segura,MIA,3B,720000.00,34,85,301,25,66,5,2,3,21,6,2,22,47,1,0,2,0.219,0.277,0.279,0.556,0
Jesus Sanchez,MIA,OF,720000.00,26,125,360,43,91,23,3,14,52,3,1,38,107,1,1,2,0.253,0.327,0.45,0.777,0
Jeter Downs,WAS,SS,720000.00,25,6,5,4,2,0,0,0,1,2,0,4,1,0,0,0,0.4,0.667,0.4,1.067,0
Ji Hwan Bae,PIT,OF,720000.00,24,111,334,54,77,17,2,2,32,24,9,30,92,3,2,2,0.231,0.296,0.311,0.607,0
Joey Wiemer,MIL,OF,720000.00,25,132,367,48,75,19,0,13,42,11,4,36,116,0,2,5,0.204,0.283,0.362,0.645,0
Johan Rojas,PHI,OF,720000.00,23,59,149,24,45,9,2,2,23,14,1,5,42,6,0,4,0.302,0.342,0.43,0.772,0
Jonathan Ornelas,TEX,SS,720000.00,23,8,7,2,1,0,0,0,0,0,0,0,4,0,0,1,0.143,0.25,0.143,0.393,0
Jonny DeLuca,LAD,OF,720000.00,25,24,42,5,11,1,0,2,6,1,0,3,8,0,0,0,0.262,0.311,0.429,0.74,0
Jordan Diaz,OAK,2B,720000.00,23,90,272,20,60,9,0,10,27,0,1,17,69,0,1,3,0.221,0.273,0.364,0.637,0
Jordan Lawlar,ARI,SS,720000.00,21,14,31,2,4,0,0,0,0,1,1,2,11,0,0,1,0.129,0.206,0.129,0.335,0
Jose Tena,CLE,SS,720000.00,23,18,31,2,7,2,0,0,3,0,0,3,13,0,0,0,0.226,0.294,0.29,0.584,0
Kevin Newman,CIN,SS,720000.00,30,74,225,28,57,16,0,3,28,8,1,17,34,2,5,4,0.253,0.311,0.364,0.675,0
Kyren Paris,LAA,SS,720000.00,22,15,40,4,4,0,0,0,1,3,0,4,17,1,0,1,0.1,0.2,0.1,0.3,0
Liover Peguero,PIT,SS,720000.00,23,59,198,21,47,4,1,7,26,6,2,11,67,2,1,1,0.237,0.28,0.374,0.654,0
Livan Soto,LAA,SS,720000.00,23,4,9,2,2,0,0,0,0,0,0,3,2,0,0,0,0.222,0.417,0.222,0.639,0
Luis Robert,CWS,OF,720000.00,26,145,546,90,144,36,1,38,80,20,4,30,172,0,2,12,0.264,0.315,0.542,0.857,0
Luken Baker,STL,DH,720000.00,27,33,86,9,18,3,0,2,10,0,0,13,31,0,0,0,0.209,0.313,0.314,0.627,0
Marco Luciano,SF,SS,720000.00,22,14,39,4,9,3,0,0,0,1,0,6,17,0,0,0,0.231,0.333,0.308,0.641,0
Michael Busch,LAD,3B,720000.00,26,27,72,9,12,3,0,2,7,1,0,8,27,0,1,0,0.167,0.247,0.292,0.539,0
Michael Harris,ATL,OF,720000.00,23,138,505,76,148,33,3,18,57,20,4,25,101,1,3,5,0.293,0.331,0.477,0.808,0
Mike Siani,STL,OF,720000.00,24,8,5,1,0,0,0,0,0,1,1,1,1,0,0,0,0,0.167,0,0.167,0
Nathaniel Lowe,TEX,1B,720000.00,28,161,623,89,163,38,3,17,82,1,0,93,165,0,3,5,0.262,0.36,0.414,0.774,0
Nick Ahmed,ARI,SS,720000.00,34,72,198,14,42,10,1,2,17,5,1,12,52,0,0,0,0.212,0.257,0.303,0.56,0
Oscar Colas,CWS,OF,720000.00,25,75,245,32,53,9,0,5,19,4,3,12,71,2,2,2,0.216,0.257,0.314,0.571,0
Owen Miller,MIL,2B,720000.00,27,90,291,29,76,17,0,5,27,13,2,17,61,0,4,2,0.261,0.303,0.371,0.674,0
Paul DeJong,TOR,SS,720000.00,30,112,372,41,77,13,0,14,38,4,4,21,121,0,2,5,0.207,0.258,0.355,0.612,0
Raimel Tapia,TB,OF,720000.00,30,64,148,28,35,4,1,3,13,10,2,17,40,1,1,1,0.237,0.317,0.338,0.655,0
Rene Pinto,TB,C,720000.00,27,39,103,10,26,3,0,6,16,0,0,2,34,0,0,0,0.252,0.267,0.456,0.723,0
Richie Palacios,STL,OF,720000.00,26,32,93,9,24,6,0,6,16,2,0,6,11,1,1,1,0.258,0.307,0.516,0.823,0
Ronny Mauricio,NYM,2B,720000.00,22,26,101,11,25,4,0,2,9,7,0,7,31,0,0,0,0.248,0.296,0.347,0.643,0
Rougned Odor,SD,2B,720000.00,30,59,138,21,28,9,0,4,18,2,1,17,37,0,0,2,0.203,0.299,0.355,0.654,0
Ryan McKenna,BAL,OF,720000.00,27,89,122,23,31,7,0,2,18,5,0,9,40,3,2,3,0.254,0.316,0.361,0.677,0
Ryan Noda,OAK,1B,720000.00,27,128,406,63,93,22,1,16,54,3,1,77,170,0,2,10,0.229,0.364,0.406,0.77,0
Rylan Bannon,HOU,3B,720000.00,27,2,6,0,0,0,0,0,0,0,0,0,3,0,0,0,0,0,0,0,0
Tyler Fitzgerald,SF,OF,720000.00,26,10,32,3,7,2,0,2,5,2,0,2,10,0,0,0,0.219,0.265,0.469,0.734,0
Tyler Nevin,DET,3B,720000.00,26,41,95,11,19,3,1,2,10,0,1,12,25,0,1,3,0.2,0.306,0.316,0.622,0
Tyler Stephenson,CIN,C,720000.00,27,142,465,59,113,20,2,13,56,0,1,47,135,0,1,4,0.243,0.317,0.378,0.695,0
Vaughn Grissom,ATL,SS,720000.00,23,23,75,5,21,3,1,0,9,0,1,2,15,0,1,2,0.28,0.313,0.347,0.66,0
Victor Caratini,MIL,C,720000.00,30,62,201,23,52,4,0,7,25,1,1,19,45,0,3,3,0.259,0.327,0.383,0.71,0
Wade Meckler,SF,OF,720000.00,23,20,56,6,13,1,0,0,4,0,0,6,25,0,0,2,0.232,0.328,0.25,0.578,0
Wander Franco,TB,SS,720000.00,23,112,442,65,124,23,6,17,58,30,10,42,69,0,4,3,0.281,0.344,0.475,0.819,0
Whit Merrifield,TOR,2B,720000.00,35,145,547,66,149,27,0,11,67,26,10,36,101,0,6,3,0.272,0.318,0.382,0.7,0
Will Smith,LAD,C,720000.00,28,126,464,80,121,21,2,19,76,3,0,63,89,0,12,15,0.261,0.359,0.438,0.797,1
Willie Calhoun,NYY,OF,720000.00,29,44,134,16,32,7,0,5,16,0,0,14,20,0,1,0,0.239,0.309,0.403,0.712,0
Willy Adames,MIL,SS,720000.00,28,149,553,73,120,29,2,24,80,5,3,71,165,0,6,6,0.217,0.31,0.407,0.717,1
Xander Bogaerts,SD,SS,720000.00,31,155,596,83,170,31,2,19,58,19,2,56,110,0,6,7,0.285,0.35,0.44,0.79,0
Yan Gomes,CHC,C,720000.00,36,116,382,44,102,20,2,10,63,1,0,21,81,0,7,9,0.267,0.315,0.408,0.723,0
Yoan Moncada,CWS,3B,720000.00,28,92,334,39,87,20,1,11,40,1,0,20,107,0,1,2,0.26,0.305,0.425,0.73,0